variant	original_citation_name	original_citation_link	other_citation_name	other_citation_link	third_citation_name	third_citation_link
P39L	Bernardi 2014	http://www.ncbi.nlm.nih.gov/pubmed/25022973				
2-OPRD	Beck 2001	http://www.ncbi.nlm.nih.gov/pubmed/11468331	Capellari 2002	http://www.ncbi.nlm.nih.gov/pubmed/12451210		
1-OPRI	Laplanche 1995	http://www.ncbi.nlm.nih.gov/pubmed/7655470	Pietrini 2003	http://www.ncbi.nlm.nih.gov/pubmed/14610142		
2-OPRI	Hill 2006	http://www.ncbi.nlm.nih.gov/pubmed/16415305				
3-OPRI	Nishida 2004	http://www.ncbi.nlm.nih.gov/pubmed/15557533				
4-OPRI	Laplanche 1995	http://www.ncbi.nlm.nih.gov/pubmed/7655470	Campbell 1996	http://www.ncbi.nlm.nih.gov/pubmed/8618679	Kaski 2011	http://www.ncbi.nlm.nih.gov/pubmed/21616973
5-OPRI	Goldfarb 1991	http://www.ncbi.nlm.nih.gov/pubmed/1683708				
6-OPRI	Owen 1990	http://www.ncbi.nlm.nih.gov/pubmed/2159587	Mead 2006	http://www.ncbi.nlm.nih.gov/pubmed/16923955/		
7-OPRI	Goldfarb 1991	http://www.ncbi.nlm.nih.gov/pubmed/1683708	Lewis 2003	http://www.ncbi.nlm.nih.gov/pubmed/12771252		
8-OPRI	Goldfarb 1991	http://www.ncbi.nlm.nih.gov/pubmed/1683708	Laplanche 1999	http://www.ncbi.nlm.nih.gov/pubmed/10581230		
9-OPRI	Krasemann 1995	http://www.ncbi.nlm.nih.gov/pubmed/8750875				
12-OPRI	Kumar 2011	http://www.ncbi.nlm.nih.gov/pubmed/21911696				
P84S	Jones 2014	http://www.ncbi.nlm.nih.gov/pubmed/24814844				
S97N	Zheng 2008	http://www.ncbi.nlm.nih.gov/pubmed/18425766				
P102L	Goldgaber 1989	http://www.ncbi.nlm.nih.gov/pubmed/2572450	Hsiao 1992	http://www.ncbi.nlm.nih.gov/pubmed/1363810		
P105L	Yamada 1993	http://www.ncbi.nlm.nih.gov/pubmed/7902972	Yamada 1999	http://www.ncbi.nlm.nih.gov/pubmed/10408557		
P105S	Tunnell 2008	http://www.ncbi.nlm.nih.gov/pubmed/18955686/				
P105T	Polymenidou 2011	http://www.ncbi.nlm.nih.gov/pubmed/20875062				
G114V	Rodriguez 2005	http://www.ncbi.nlm.nih.gov/pubmed/15851745	Liu 2010	http://www.ncbi.nlm.nih.gov/pubmed/20028338		
A117V	Tateishi 1990	http://www.ncbi.nlm.nih.gov/pubmed/1699173	Hsiao 1991	http://www.ncbi.nlm.nih.gov/pubmed/1674116		
129insLGGLGGYV	Hinnell 2011	http://www.ncbi.nlm.nih.gov/pubmed/21282596				
G131V	Panegyres 2001	http://www.ncbi.nlm.nih.gov/pubmed/11709001	Jansen 2012	http://www.ncbi.nlm.nih.gov/pubmed/22558438		
S132I	Hilton 2009	http://www.ncbi.nlm.nih.gov/pubmed/19187063				
A133V	Rowe 2007	http://www.ncbi.nlm.nih.gov/pubmed/17353478				
Y145X	Kitamoto 1993	http://www.ncbi.nlm.nih.gov/pubmed/8097911				
R148H	Krebs 2005	http://www.ncbi.nlm.nih.gov/pubmed/15776279/	Pastore 2005	http://www.ncbi.nlm.nih.gov/pubmed/16314483/		
Q160X	Finckh 2000	http://www.ncbi.nlm.nih.gov/pubmed/10631141/	Jayadev 2011	http://www.ncbi.nlm.nih.gov/pubmed/21416485/		
Y163X	Revesz 2009	http://www.ncbi.nlm.nih.gov/pubmed/19225789/	Mead 2013	http://www.ncbi.nlm.nih.gov/pubmed/24224623/		
D167G	Bishop 2009	http://www.ncbi.nlm.nih.gov/pubmed/20035629				
D167N	Beck 2010	http://www.ncbi.nlm.nih.gov/pubmed/20583301				
V176G	Simpson 2013	http://www.ncbi.nlm.nih.gov/pubmed/23857164				
D178fs25X	Mastuzono 2013	http://www.ncbi.nlm.nih.gov/pubmed/23577609				
D178N	Goldfarb 1991	http://www.ncbi.nlm.nih.gov/pubmed/1671440	Medori 1992	http://www.ncbi.nlm.nih.gov/pubmed/1346338	Goldfarb 1992	http://www.ncbi.nlm.nih.gov/pubmed/1439789
V180I	Hitoshi 1993	http://www.ncbi.nlm.nih.gov/pubmed/8138811	Chasseigneuax 2006	http://www.ncbi.nlm.nih.gov/pubmed/17029785		
T183A	Nitrini 1997	http://www.ncbi.nlm.nih.gov/pubmed/9266722	Grasbon-Frodl 2004	http://www.ncbi.nlm.nih.gov/pubmed/15558291		
H187R	Butefisch 2000	http://www.ncbi.nlm.nih.gov/pubmed/10953183				
T188A	Collins 2000	http://www.ncbi.nlm.nih.gov/pubmed/10891990				
T188K	Finckh 2000	http://www.ncbi.nlm.nih.gov/pubmed/10631141/	Roeber 2008	http://www.ncbi.nlm.nih.gov/pubmed/18478114/		
T188R	Windl 1999	http://www.ncbi.nlm.nih.gov/pubmed/10987652	Roeber 2008	http://www.ncbi.nlm.nih.gov/pubmed/18478114/	Tartaglia 2010	http://www.ncbi.nlm.nih.gov/pubmed/21107135/
T193I	Kotta 2006	http://www.ncbi.nlm.nih.gov/pubmed/17129366				
E196A	Zhang 2014	http://www.ncbi.nlm.nih.gov/pubmed/23787189				
E196K	Peoc'h 2000	http://www.ncbi.nlm.nih.gov/pubmed/10790216				
F198S	Farlow 1989	http://www.ncbi.nlm.nih.gov/pubmed/2812321	Hsiao 1992	http://www.ncbi.nlm.nih.gov/pubmed/1363810		
F198V	Zheng 2008	http://www.ncbi.nlm.nih.gov/pubmed/18425766				
E200G	Kim 2013	http://www.ncbi.nlm.nih.gov/pubmed/24330864				
E200K	Goldgaber 1989	http://www.ncbi.nlm.nih.gov/pubmed/2572450	Hsiao 1991	http://www.ncbi.nlm.nih.gov/pubmed/2008182		
D202G	Heinemann 2008	http://www.ncbi.nlm.nih.gov/pubmed/18443555				
D202N	Piccardo 1998	http://www.ncbi.nlm.nih.gov/pubmed/9786248				
V203I	Peoc'h 2000	http://www.ncbi.nlm.nih.gov/pubmed/10790216				
R208C	Zheng 2008	http://www.ncbi.nlm.nih.gov/pubmed/18425766				
R208H	Mastrianni 1996	http://www.ncbi.nlm.nih.gov/pubmed/8909447	Capellari 2005	http://www.ncbi.nlm.nih.gov/pubmed/15753435	Roeber 2005	http://www.ncbi.nlm.nih.gov/pubmed/15739100
V210I	Ripoll 1993	http://www.ncbi.nlm.nih.gov/pubmed/8105421	Pocchiari 1993	http://www.ncbi.nlm.nih.gov/pubmed/7902693	Mouillet-Richard 1999	http://www.ncbi.nlm.nih.gov/pubmed/10526198
E211D	Peoc'h 2012	http://www.ncbi.nlm.nih.gov/pubmed/22965875				
E211Q	Peoc'h 2000	http://www.ncbi.nlm.nih.gov/pubmed/10790216				
Q212P	Piccardo 1998	http://www.ncbi.nlm.nih.gov/pubmed/9786248				
I215V	Munoz-Nieto 2013	http://www.ncbi.nlm.nih.gov/pubmed/22763467				
Q217R	Hsiao 1992	http://www.ncbi.nlm.nih.gov/pubmed/1363810				
Y218N	Alzualde 2010	http://www.ncbi.nlm.nih.gov/pubmed/20613639				
Y226X	Jansen 2010	http://www.ncbi.nlm.nih.gov/pubmed/19911184				
Q227X	Jansen 2010	http://www.ncbi.nlm.nih.gov/pubmed/19911184				
M232R	Hitoshi 1993	http://www.ncbi.nlm.nih.gov/pubmed/8138811	Hoque 1996	http://www.ncbi.nlm.nih.gov/pubmed/8922054		
M232T	Bratosiewicz 2000	http://www.ncbi.nlm.nih.gov/pubmed/11693719				
P238S	Windl 1999	http://www.ncbi.nlm.nih.gov/pubmed/10987652				