variant	pops	codon129	use_pop	pop_ac	pop_n
P39L	 1 PJL, 2 TSI	 2 M/M, 1 M/V		NA	NA
G131V	 1 TSI	 1 M/V		NA	NA
R148H	 1 CEU, 1 IBS, 1 PJL	 3 M/M		NA	NA
V180I	 1 CHB, 2 JPT, 3 PJL	 4 M/M, 1 M/V, 1 V/V	JPT	2	663
T188R	 1 CLM, 2 MXL	 1 M/V, 2 V/V		NA	NA
E196A	 3 CHB, 6 CHS	 9 M/M		NA	NA
D202N	 1 TSI	 1 M/V		NA	NA
V203I	 1 IBS, 2 TSI	 1 M/M, 2 M/V		NA	NA
R208C	 1 ACB	 1 M/M		NA	NA
R208H	 1 ACB, 2 ASW, 1 CLM, 2 IBS, 1 MSL, 2 TSI	 4 M/M, 5 M/V		NA	NA
V210I	 2 TSI	 2 M/M	TSI	2	4795
Q212P	 1 CEU	 1 M/V		NA	NA
M232R	 5 CHB, 5 JPT	 10 M/M	JPT	5	663
